Workbook

Sheet 정산리포트
A1: KR AD
A2: 계산서 발행월 | B2: 01/2026 | C2: ※ 세금계산서는 역발행으로 진행되며, 양사 협의되지 않은 상태에서 정발행을 진행하시면 이중청구되니 유의 부탁드립니다. _x000D_ └ 역발행 시 전체 작품별 금액이 합산되어 발행되며, 품목명이 별도 기재되지 않으니 아래 정산리포트를 통해 확인 부탁 드립니다.
A3: 정산 품목 | B3: 시리즈 광고수익분배
A4: 거래처(또는 작가)명 | B4: 주식회사 더그림엔터테인먼트
A5: 정산 금액 (KRW) | B5: 311888
A6: 이월 금액 (KRW) | B6: 0 | I6: =I7='소급적용 상세내역'!D22 -> TRUE | J6: =I7+H64=J7 -> TRUE
I7: =SUM(I8:I63) -> 145273 | J7: =SUM(J8:J63) -> 311888
A8: 매출 발생월 | B8: 지급유형 | C8: 작품명 | D8: CID | E8: CPID | F8: 서비스 플랫폼 | G8: 통화 단위 | H8: 발생 수익 | I8: 소급적용 | J8: 최종매출액
A9: 202601 | B9: 시리즈 만화 광고수익 | C9: 외모지상주의 | D9: 227497 | E9: CO0668 | F9: NAVER SERIES/광고 | G9: KRW | H9: 22255 | I9: =SUMIFS('소급적용 상세내역'!D:D,'소급적용 상세내역'!C:C,정산리포트!C9) -> 0 | J9: =H9+I9 -> 22255
A10: 202601 | B10: 시리즈 만화 광고수익 | C10: 한남동 케이하우스 | D10: 339802 | E10: CO1225 | F10: NAVER SERIES/광고 | G10: KRW | H10: 9 | I10: =SUMIFS('소급적용 상세내역'!D:D,'소급적용 상세내역'!C:C,정산리포트!C10) -> 118 | J10: =H10+I10 -> 127
A11: 202601 | B11: 시리즈 만화 광고수익 | C11: 인생존망 | D11: 381194 | E11: CO1593 | F11: NAVER SERIES/광고 | G11: KRW | H11: 528 | I11: =SUMIFS('소급적용 상세내역'!D:D,'소급적용 상세내역'!C:C,정산리포트!C11) -> 1853 | J11: =H11+I11 -> 2381
A12: 202601 | B12: 시리즈 만화 광고수익 | C12: 싸움독학 | D12: 381824 | E12: CO1594 | F12: NAVER SERIES/광고 | G12: KRW | H12: 1829 | I12: =SUMIFS('소급적용 상세내역'!D:D,'소급적용 상세내역'!C:C,정산리포트!C12) -> 23870 | J12: =H12+I12 -> 25699
A13: 202601 | B13: 시리즈 만화 광고수익 | C13: 욕망일기 | D13: 420618 | E13: CO2144 | F13: NAVER SERIES/광고 | G13: KRW | H13: 3 | I13: =SUMIFS('소급적용 상세내역'!D:D,'소급적용 상세내역'!C:C,정산리포트!C13) -> 323 | J13: =H13+I13 -> 326
A14: 202601 | B14: 시리즈 만화 광고수익 | C14: 퀘스트지상주의 | D14: 449359 | E14: CO2144 | F14: NAVER SERIES/광고 | G14: KRW | H14: 1278 | I14: =SUMIFS('소급적용 상세내역'!D:D,'소급적용 상세내역'!C:C,정산리포트!C14) -> 1398 | J14: =H14+I14 -> 2676
A15: 202601 | B15: 시리즈 만화 광고수익 | C15: 김부장 | D15: 450111 | E15: CO2144 | F15: NAVER SERIES/광고 | G15: KRW | H15: 13715 | I15: =SUMIFS('소급적용 상세내역'!D:D,'소급적용 상세내역'!C:C,정산리포트!C15) -> 0 | J15: =H15+I15 -> 13715
A16: 202601 | B16: 시리즈 만화 광고수익 | C16: 쇼미더럭키짱! | D16: 450115 | E16: CO2667 | F16: NAVER SERIES/광고 | G16: KRW | H16: 29 | I16: =SUMIFS('소급적용 상세내역'!D:D,'소급적용 상세내역'!C:C,정산리포트!C16) -> 351 | J16: =H16+I16 -> 380
A17: 202601 | B17: 시리즈 만화 광고수익 | C17: 존망코인 | D17: 450444 | E17: CO2144 | F17: NAVER SERIES/광고 | G17: KRW | H17: 2 | I17: =SUMIFS('소급적용 상세내역'!D:D,'소급적용 상세내역'!C:C,정산리포트!C17) -> 334 | J17: =H17+I17 -> 336
A18: 202601 | B18: 시리즈 만화 광고수익 | C18: 여고생 드래곤 | D18: 452717 | E18: CO2144 | F18: NAVER SERIES/광고 | G18: KRW | H18: 211 | I18: =SUMIFS('소급적용 상세내역'!D:D,'소급적용 상세내역'!C:C,정산리포트!C18) -> 2140 | J18: =H18+I18 -> 2351
A19: 202601 | B19: 시리즈 만화 광고수익 | C19: 매지컬 급식:암살법사 | D19: 461378 | E19: CO2144 | F19: NAVER SERIES/광고 | G19: KRW | H19: 46 | I19: =SUMIFS('소급적용 상세내역'!D:D,'소급적용 상세내역'!C:C,정산리포트!C19) -> 0 | J19: =H19+I19 -> 46
A20: 202601 | B20: 시리즈 만화 광고수익 | C20: 사형소년 | D20: 470703 | E20: CO2144 | F20: NAVER SERIES/광고 | G20: KRW | H20: 112 | I20: =SUMIFS('소급적용 상세내역'!D:D,'소급적용 상세내역'!C:C,정산리포트!C20) -> 1079 | J20: =H20+I20 -> 1191
... A63: 202601 | B63: 시리즈 만화 광고수익 | C63: 오브차카 | D63: 681507 | E63: CO6036 | F63: NAVER SERIES/광고 | G63: KRW | H63: 48 | I63: =SUMIFS('소급적용 상세내역'!D:D,'소급적용 상세내역'!C:C,정산리포트!C63) -> 0 | J63: =H63+I63 -> 48
C64: 금월 매출 합계 (A) | G64: KRW | H64: 166615
C65: 전월까지 누적 금액 (B) | G65: KRW | H65: 0
C66: 소급분 (C) | G66: KRW | H66: 145273
C67: 정산 금액 (A+B+C) | G67: KRW | H67: 311888
C69: 이월 금액 | G69: KRW | H69: 0
A72: · 시리즈 광고 수익은 거래처 기준 5만원 이상의 금액이 누적될 시 지급되고 있습니다. (누적 금액 합산 5만원 미만일 시 이월 처리)
A73: · 이월금액은 지급 최소금액(5만원)에 도달하지 못할 경우 발생하며, 이월 금액이 존재하는 경우 정산은 진행되지 않고 지급 최소금액 도달 시까지 누적됩니다. (이월금액 0원 = 누적금액 없음)
A74: · 소급분은 월 정산 외 지급되는 비용으로 특수한 경우(금액누락, 정산오류 등)를 제외하고는 발생되지 않습니다
A75: · 위 금액(정산 금액)은 부가세 별도 금액(공급가액)이며, 실제 입금은 아래와 같이 적용됩니다.
A76: ㄴ일반 개인 : 위 정산 금액에서 원천세 3.3% 제외한 금액으로 입금
A77: ㄴ면세사업자 : 위 정산 금액과 동일한 금액으로 입금
A78: ㄴ과세사업자 : 위 정산 금액에서 부가세 10% 더한 금액으로 입금
A79: ㄴ해외거래처 : 위 정산 금액에서 거주지국 원천세율이 적용되어 세액 공제 후 입금
A80: · 정산 금액은 광고 관련 수수료 및 운영 비용 등을 제외한 금액입니다.
A81: · 통화단위가 잘못 적용된 경우 문의 접수 메일을 통해 수정 반영 요청 바랍니다.

Sheet 소급적용 상세내역
B2: 시리즈
B3: 파트너명 | C3: 작품명 | D3: 합계 : 파트너별 정산금
B4: 주식회사 더그림엔터테인먼트 | C4: 간첩 18세 | D4: 1363
C5: 러브 인 바디 | D5: 694
C6: 밤의 방문자 | D6: 108270
C7: 사형소년 | D7: 1079
C8: 쇼미더럭키짱! | D8: 351
C9: 싸움독학 | D9: 23870
C10: 얼짱시대 | D10: 244
C11: 여고생 드래곤 | D11: 2140
C12: 욕망일기 | D12: 323
C13: 유쾌한 왕따(재) | D13: 61
C14: 인생존망 | D14: 1853
C15: 인생존망2 | D15: 230
C16: 존망코인 | D16: 334
... C21: 한남동 케이하우스 | D21: 118
B22: 총합계 | D22: 145273
