Workbook

Sheet 1월_정산내역서
A1: 네이버 프렌즈 어드민 > Comic > [시리즈] 매출 통계(이용권 포함) > [CP용] 정산내역서 > 계산서 발행 금액 검증 후 선수수익 차감
A3: 구분 | B3: 매출액 | C3: 대손수수료 | D3: 결제수수료 | E3: 순매출액 | F3: CP 공급가액 | G3: CP 부가세액 | H3: CP 정산액 | I3: WEBTOON 수익
A4: 유상이용권-IAB | B4: 10372420 | C4: 0 | D4: 1037242 | E4: 9335178 | F4: 5601107 | G4: 0 | H4: 5601107 | I4: 3734071
A5: 유상이용권-원스토어 | B5: 1668840 | C5: 0 | D5: 133507 | E5: 1535333 | F5: 921200 | G5: 0 | H5: 921200 | I5: 614133
A6: 유상이용권-IAP | B6: 22307331 | C6: 0 | D6: 6692199 | E6: 15615132 | F6: 9369079 | G6: 0 | H6: 9369079 | I6: 6246053
A7: 유상이용권-IAB NPAY | B7: 26268120 | C7: 0 | D7: 2364131 | E7: 23903989 | F7: 14342394 | G7: 0 | H7: 14342394 | I7: 9561595
A8: 무상이용권 | B8: 30281450 | C8: 0 | D8: 0 | E8: 30281450 | F8: 18168870 | G8: 0 | H8: 18168870 | I8: 12112580
A9: 유상이용권-리딤 | B9: 160500 | C9: 0 | D9: 24075 | E9: 136425 | F9: 81855 | G9: 0 | H9: 81855 | I9: 54570
A10: 유상이용권-웹+자동충전 | B10: 24213357 | C10: 0 | D10: 726401 | E10: 23486956 | F10: 14092174 | G10: 0 | H10: 14092174 | I10: 9394782
A11: 유상금액보정 | B11: 183 | C11: 0 | D11: 0 | E11: 183 | F11: 110 | G11: 0 | H11: 110 | I11: 73
A12: 합계 | B12: 115272201 | C12: 0 | D12: 10977555 | E12: 104294646 | F12: 62576789 | G12: 0 | H12: 62576789 | I12: 41717857
A14: 구분 | B14: 매출액 | C14: 대손수수료 | D14: 결제수수료 | E14: 순매출액 | F14: CP 공급가액 | G14: CP 부가세액 | H14: CP 정산액 | I14: WEBTOON 수익
A15: 유상이용권-원스토어 | B15: 2760 | C15: 0 | D15: 221 | E15: 2539 | F15: 1524 | G15: 0 | H15: 1524 | I15: 1015
A16: 유상이용권-IAB NPAY | B16: 9960 | C16: 0 | D16: 896 | E16: 9064 | F16: 5438 | G16: 0 | H16: 5438 | I16: 3626
A17: 유상이용권-IAP | B17: 6825 | C17: 0 | D17: 2047 | E17: 4778 | F17: 2867 | G17: 0 | H17: 2867 | I17: 1911
A18: 유상이용권-웹+자동충전 | B18: 165500 | C18: 0 | D18: 4965 | E18: 160535 | F18: 96321 | G18: 0 | H18: 96321 | I18: 64214
A19: 유상이용권-IAB | B19: 7560 | C19: 0 | D19: 756 | E19: 6804 | F19: 4082 | G19: 0 | H19: 4082 | I19: 2722
A20: 무상이용권 | B20: 37285 | C20: 0 | D20: 0 | E20: 37285 | F20: 22371 | G20: 0 | H20: 22371 | I20: 14914
A21: 유상이용권-리딤 | B21: 300 | C21: 0 | D21: 45 | E21: 255 | F21: 153 | G21: 0 | H21: 153 | I21: 102
A22: 합계 | B22: 230190 | C22: 0 | D22: 8930 | E22: 221260 | F22: 132756 | G22: 0 | H22: 132756 | I22: 88504
A25: 총 합계 | B25: =B12+B22 -> 115502391 | C25: =C12+C22 -> 0 | D25: =D12+D22 -> 10986485 | E25: =E12+E22 -> 104515906 | F25: =F12+F22 -> 62709545 | G25: =G12+G22 -> 0 | H25: =H12+H22 -> 62709545 | I25: =I12+I22 -> 41806361
B27: =B25='컨텐츠별 매출 통계'!CA7 -> TRUE | D27: =D25='컨텐츠별 매출 통계'!CB7 -> TRUE | E27: =E25='컨텐츠별 매출 통계'!CC7 -> TRUE | F27: =F25='컨텐츠별 매출 통계'!CN7 -> TRUE | G27: =G25='컨텐츠별 매출 통계'!CO7 -> TRUE | H27: =H25='컨텐츠별 매출 통계'!CP7 -> TRUE

Sheet 1월_세금계산서
H26: 공급가액 | I26: 부가세 | J26: 합계
H27: 62709545 | I27: 0 | J27: 62709545
H28: =H27='1월_정산내역서'!F25 -> TRUE | I28: =I27='1월_정산내역서'!G25 -> TRUE | J28: =J27='1월_정산내역서'!H25 -> TRUE

Sheet 월별 선수수익(MG)
E3: =E5 -> 0 | F3: =SUM(F4:F16) -> #REF! | G3: =SUM(G4:G16) -> #REF! | H3: =H16 -> #REF! | J3: =SUM(J4:J16) -> 0 | K3: =SUM(K4:K16) -> #REF!
B4: 계정명 | C4: IP명 | D4: 월구분 | E4: 전기이월 | F4: MG지급 | G4: MG차감 | H4: MG잔액 (선수수익) | J4: 매출액 (프렌즈어드민) | K4: 정산차액
B5: 선수수익 | C5: 두남자의비서사이 | D5: 2025-01 | F5: =SUMIFS(#REF!,#REF!,$D5&"*") -> #REF! | G5: =-SUMIFS(#REF!,#REF!,$D5&"*") -> #REF! | H5: =SUM(E5:G5) -> #REF! | J5: =SUMIFS('컨텐츠별 매출 통계'!$CN:$CN,'컨텐츠별 매출 통계'!$CF:$CF,$D5) -> 0 | K5: =G5+J5 -> #REF!
D6: 2025-02 | E6: =H5 -> #REF! | F6: =SUMIFS(#REF!,#REF!,$D6&"*") -> #REF! | G6: =-SUMIFS(#REF!,#REF!,$D6&"*") -> #REF! | H6: =SUM(E6:G6) -> #REF! | J6: =SUMIFS('컨텐츠별 매출 통계'!$CN:$CN,'컨텐츠별 매출 통계'!$CF:$CF,$D6) -> 0 | K6: =G6+J6 -> #REF!
D7: 2025-03 | E7: =H6 -> #REF! | F7: =SUMIFS(#REF!,#REF!,$D7&"*") -> #REF! | G7: =-SUMIFS(#REF!,#REF!,$D7&"*") -> #REF! | H7: =SUM(E7:G7) -> #REF! | J7: =SUMIFS('컨텐츠별 매출 통계'!$CN:$CN,'컨텐츠별 매출 통계'!$CF:$CF,$D7) -> 0 | K7: =G7+J7 -> #REF!
D8: 2025-04 | E8: =H7 -> #REF! | F8: =SUMIFS(#REF!,#REF!,$D8&"*") -> #REF! | G8: =-SUMIFS(#REF!,#REF!,$D8&"*") -> #REF! | H8: =SUM(E8:G8) -> #REF! | J8: =SUMIFS('컨텐츠별 매출 통계'!$CN:$CN,'컨텐츠별 매출 통계'!$CF:$CF,$D8) -> 0 | K8: =G8+J8 -> #REF!
D9: 2025-05 | E9: =H8 -> #REF! | F9: =SUMIFS(#REF!,#REF!,$D9&"*") -> #REF! | G9: =-SUMIFS(#REF!,#REF!,$D9&"*") -> #REF! | H9: =SUM(E9:G9) -> #REF! | J9: =SUMIFS('컨텐츠별 매출 통계'!$CN:$CN,'컨텐츠별 매출 통계'!$CF:$CF,$D9) -> 0 | K9: =G9+J9 -> #REF!
D10: 2025-06 | E10: =H9 -> #REF! | F10: =SUMIFS(#REF!,#REF!,$D10&"*") -> #REF! | G10: =-SUMIFS(#REF!,#REF!,$D10&"*") -> #REF! | H10: =SUM(E10:G10) -> #REF! | J10: =SUMIFS('컨텐츠별 매출 통계'!$CN:$CN,'컨텐츠별 매출 통계'!$CF:$CF,$D10) -> 0 | K10: =G10+J10 -> #REF!
D11: 2025-07 | E11: =H10 -> #REF! | F11: =SUMIFS(#REF!,#REF!,$D11&"*") -> #REF! | G11: =-SUMIFS(#REF!,#REF!,$D11&"*") -> #REF! | H11: =SUM(E11:G11) -> #REF! | J11: =SUMIFS('컨텐츠별 매출 통계'!$CN:$CN,'컨텐츠별 매출 통계'!$CF:$CF,$D11) -> 0 | K11: =G11+J11 -> #REF!
D12: 2025-08 | E12: =H11 -> #REF! | F12: =SUMIFS(#REF!,#REF!,$D12&"*") -> #REF! | G12: =-SUMIFS(#REF!,#REF!,$D12&"*") -> #REF! | H12: =SUM(E12:G12) -> #REF! | J12: =SUMIFS('컨텐츠별 매출 통계'!$CN:$CN,'컨텐츠별 매출 통계'!$CF:$CF,$D12) -> 0 | K12: =G12+J12 -> #REF!
D13: 2025-09 | E13: =H12 -> #REF! | F13: =SUMIFS(#REF!,#REF!,$D13&"*") -> #REF! | G13: =-SUMIFS(#REF!,#REF!,$D13&"*") -> #REF! | H13: =SUM(E13:G13) -> #REF! | J13: =SUMIFS('컨텐츠별 매출 통계'!$CN:$CN,'컨텐츠별 매출 통계'!$CF:$CF,$D13) -> 0 | K13: =G13+J13 -> #REF!
D14: 2025-10 | E14: =H13 -> #REF! | F14: =SUMIFS(#REF!,#REF!,$D14&"*") -> #REF! | G14: =-SUMIFS(#REF!,#REF!,$D14&"*") -> #REF! | H14: =SUM(E14:G14) -> #REF! | J14: =SUMIFS('컨텐츠별 매출 통계'!$CN:$CN,'컨텐츠별 매출 통계'!$CF:$CF,$D14) -> 0 | K14: =G14+J14 -> #REF!
D15: 2025-11 | E15: =H14 -> #REF! | F15: =SUMIFS(#REF!,#REF!,$D15&"*") -> #REF! | G15: =-SUMIFS(#REF!,#REF!,$D15&"*") -> #REF! | H15: =SUM(E15:G15) -> #REF! | J15: =SUMIFS('컨텐츠별 매출 통계'!$CN:$CN,'컨텐츠별 매출 통계'!$CF:$CF,$D15) -> 0 | K15: =G15+J15 -> #REF!
D16: 2025-12 | E16: =H15 -> #REF! | F16: =SUMIFS(#REF!,#REF!,$D16&"*") -> #REF! | G16: =-SUMIFS(#REF!,#REF!,$D16&"*") -> #REF! | H16: =SUM(E16:G16) -> #REF! | J16: =SUMIFS('컨텐츠별 매출 통계'!$CN:$CN,'컨텐츠별 매출 통계'!$CF:$CF,$D16) -> 0 | K16: =G16+J16 -> #REF! | L16: <- 차액 세금계산서 정발행 완료
K18: =K16='1월_세금계산서'!J27 -> #REF!
B19: ** MG 선발행 작품으로 전액 소진 전까지 세금계산서 발행X -> 선수수익 차감 진행.
B20: ** 매출액은 플렌즈어드민 매출통계내역 기준, MG거래내역은 선수수익 계정별원장 기준으로 집계하여 검증.

Sheet 컨텐츠별 매출 통계
A1: 네이버 프렌즈 어드민 > Comic > [시리즈] 매출 통계(이용권 포함) > [CP용] 컨텐츠별 매출 통계
A3: 이용권 포함 컨텐츠별 매출 통계
BT4: 0.08 | BU4: 0 | BV4: 0.03 | BW4: 0.1 | BX4: 0.09 | BY4: 0.15 | BZ4: 0.3 | CD4: 0.6
A5: 컨텐츠 | B5: 컨텐츠No | C5: 공급자코드 | D5: CP명 | E5: 작가명 | F5: 출판사 | G5: 나이제한 | H5: 서비스일 | I5: 대여권 | R5: 소장권 | AA5: 쿠키로 대여 | AD5: 쿠키로 구매 | AG5: i쿠키로 대여 | AJ5: i쿠키로 구매 | AM5: 자동충전 쿠키로 대여 | AP5: 자동충전 쿠키로 구매 | AS5: 구글 쿠키로 대여 | AV5: 구글 쿠키로 구매 | AY5: 구글 외부 쿠키로 대여 | BB5: 구글 외부 쿠키로 구매 | BE5: 원스토어 쿠키로 대여 | BH5: 원스토어 쿠키로 구매 | BK5: 리딤 쿠키로 대여 | BN5: 리딤 쿠키로 구매 | BQ5: 유상 이용권 보정 | BR5: 마켓수수료(추정치) | BS5: 합계 | BT5: 유상이용권-원스토어 | BU5: 무상이용권 | BV5: 유상이용권-웹+자동충전 | BW5: 유상이용권-IAB | BX5: 유상이용권-IAB NPAY | BY5: 유상이용권-리딤 | BZ5: 유상이용권-IAP | CA5: 총 매출액 | CB5: 결제수수료 | CC5: NET 매출액 | CD5: 더그림 수익 | CF5: 정산월 | CG5: 판매기간 | CH5: 관리작품명 | CI5: 공급가액 | CJ5: 부가세 | CK5: 합계 | CL5: 공급가액 조정 | CM5: 부가세 조정 | CN5: 확정 공급가액 | CO5: 확정 부가세 | CP5: 확정 합계 | CR5: 적요 | CS5: 팀 | CT5: 프로젝트 | CU5: 계정명 | CV5: 금액
I6: 건수 | J6: 비정산 | K6: 무료이용권 | L6: 유상쿠키 | M6: 무상쿠키 | N6: 유상i쿠키 | O6: 무상i쿠키 | P6: 유상자동충전쿠키 | Q6: 무상자동충전쿠키 | R6: 건수 | S6: 비정산 | T6: 무료이용권 | U6: 유상쿠키 | V6: 무상쿠키 | W6: 유상i쿠키 | X6: 무상i쿠키 | Y6: 유상자동충전쿠키 | Z6: 무상자동충전쿠키 | AA6: 건수 | AB6: 유상 | AC6: 무상 | AD6: 건수 | AE6: 유상 | AF6: 무상 | AG6: 건수 | AH6: 유상 | AI6: 무상 | AJ6: 건수 | AK6: 유상 | AL6: 무상 | AM6: 건수 | AN6: 유상 | AO6: 무상 | AP6: 건수 | AQ6: 유상 | AR6: 무상 | AS6: 건수 | AT6: 유상 | AU6: 무상 | AV6: 건수 | AW6: 유상 | AX6: 무상 | AY6: 건수 | AZ6: 유상 | BA6: 무상 | BB6: 건수 | BC6: 유상 | BD6: 무상 | BE6: 건수 | BF6: 유상 | BG6: 무상 | BH6: 건수 | BI6: 유상 | BJ6: 무상 | BK6: 건수 | BL6: 유상 | BM6: 무상 | BN6: 건수 | BO6: 유상 | BP6: 무상 | CC6: NET 매출액
A7: 두 남자의 비서 사이 | B7: 675775 | D7: 더그림_두남자의비서사이 | E7: 바둑이 | F7: MUTE | G7: 19세 이상 이용가능 | H7: 2026.01.30 | I7: 45 | J7: 847289 | K7: 13500 | L7: 0 | M7: 0 | N7: 0 | O7: 0 | P7: 0 | Q7: 0 | R7: 0 | S7: 0 | T7: 0 | U7: 0 | V7: 0 | W7: 0 | X7: 0 | Y7: 0 | Z7: 0 | AA7: 141663 | AB7: 18612480 | AC7: 22129550 | AD7: 3462 | AE7: 889660 | AF7: 798785 | AG7: 84676 | AH7: 21864398 | AI7: 6956900 | AJ7: 1145 | AK7: 449758 | AL7: 186100 | AM7: 15118 | AN7: 4382800 | AO7: 101100 | AP7: 1013 | AQ7: 494100 | AR7: 16500 | AS7: 28254 | AT7: 10005545 | AU7: 31600 | AV7: 611 | AW7: 374435 | AX7: 1200 | AY7: 72420 | AZ7: 25640280 | BA7: 73800 | BB7: 1082 | BC7: 637800 | BD7: 2800 | BE7: 3809 | BF7: 1327920 | BG7: 6400 | BH7: 586 | BI7: 343680 | BJ7: 500 | BK7: 506 | BL7: 149800 | BM7: 0 | BN7: 21 | BO7: 11000 | BP7: 0 | BQ7: 183 | BR7: 10986486 | BS7: 115502391 | BT7: =BF7+BI7 -> 1671600 | BU7: =AC7+AF7+AI7+AL7+AO7+AR7+AU7+AX7+BA7+BD7+BG7+BJ7+BM7+BP7+K7 -> 30318735 | BV7: =AQ7+AN7+AB7+AE7 -> 24379040 | BW7: =AT7+AW7 -> 10379980 | BX7: =BC7+AZ7 -> 26278080 | BY7: =BL7+BO7 -> 160800 | BZ7: =AH7+AK7 -> 22314156 | CA7: =SUM(BT7:BZ7) -> 115502391 | CB7: =ROUND(((BT7*$BT$4)+(BU7*$BU$4)+(BV7*$BV$4)+(BW7*$BW$4)+(BX7*$BX$4)+(BY7*$BY$4)+(BZ7*$BZ$4)),0)-6 -> 10986485 | CC7: =CA7-CB7 -> 104515906 | CD7: =ROUND(CC7*$CD$4,0) -> 62709544 | CF7: 2026-01 | CG7: =CF7 -> 2026-01 | CH7: 두 남자의 비서 사이 | CI7: =CD7 -> 62709544 | CJ7: 0 | CK7: =CI7+CJ7 -> 62709544 | CL7: 1 | CN7: =CI7+CL7 -> 62709545 | CO7: =CJ7+CM7 -> 0 | CP7: =CN7+CO7 -> 62709545 | CR7: =CF7&"월국내유상이용권_웹툰<"&CH7&">" -> 2026-01월국내유상이용권_웹툰<두 남자의 비서 사이> | CS7: 전략기획팀 | CT7: 두 남자의 비서 사이 | CU7: 웹툰매출(국내이용권) | CV7: =CN7 -> 62709545

Sheet 로그인정보
B3: 어드민 정보
B4: ID | C4: PW | D4: URL | E4: 세무구분 | F4: (세금)계산서 | G4: 비고
B5: fra27203 | C5: WJSFIR26!!! | D5: 프렌즈어드민 | E5: 면세 | F5: 정발행 | G5: 익월 1~2일 경 정산내역 확인 가능
