Workbook

Sheet 1월_정산내역서
A1: 네이버 프렌즈 어드민 > Comic > [시리즈] 매출 통계(이용권 포함) > [CP용] 정산내역서 > 내역 확인 후 세금계산서 정발행
A3: 구분 | B3: 매출액 | C3: 대손수수료 | D3: 결제수수료 | E3: 순매출액 | F3: CP 공급가액 | G3: CP 부가세액 | H3: CP 정산액 | I3: WEBTOON 수익
A4: 유상이용권-IAB | B4: 88660 | C4: 0 | D4: 8866 | E4: 79794 | F4: 55856 | G4: 0 | H4: 55856 | I4: 23938 | J4: =D4/B4 -> 0.1
A5: 유상이용권-리딤 | B5: 1400 | C5: 0 | D5: 210 | E5: 1190 | F5: 833 | G5: 0 | H5: 833 | I5: 357 | J5: =D5/B5 -> 0.15
A6: 유상이용권-IAP | B6: 72466 | C6: 0 | D6: 21740 | E6: 50726 | F6: 35508 | G6: 0 | H6: 35508 | I6: 15218 | J6: =D6/B6 -> 0.30000276
A7: 유상이용권-웹+자동충전 | B7: 122100 | C7: 0 | D7: 12210 | E7: 109890 | F7: 76923 | G7: 0 | H7: 76923 | I7: 32967 | J7: =D7/B7 -> 0.1
A8: 무상이용권 | B8: 52180 | C8: 0 | D8: 4470 | E8: 47710 | F8: 33397 | G8: 0 | H8: 33397 | I8: 14313 | J8: =D8/B8 -> 0.085665006
A9: 유상이용권-IAB NPAY | B9: 56400 | C9: 0 | D9: 5640 | E9: 50760 | F9: 35532 | G9: 0 | H9: 35532 | I9: 15228 | J9: =D9/B9 -> 0.1
A10: 합계 | B10: 393206 | C10: 0 | D10: 53136 | E10: 340070 | F10: 238049 | G10: 0 | H10: 238049 | I10: 102021
A12: 구분 | B12: 매출액 | C12: 대손수수료 | D12: 결제수수료 | E12: 순매출액 | F12: CP 공급가액 | G12: CP 부가세액 | H12: CP 정산액 | I12: WEBTOON 수익
A13: 유상이용권-웹+자동충전 | B13: 6000 | C13: 0 | D13: 600 | E13: 5400 | F13: 3780 | G13: 0 | H13: 3780 | I13: 1620 | J13: =D13/B13 -> 0.1
A14: 합계 | B14: 6000 | C14: 0 | D14: 600 | E14: 5400 | F14: 3780 | G14: 0 | H14: 3780 | I14: 1620
A17: 총 합계 | B17: =B10+B14 -> 399206 | C17: =C10+C14 -> 0 | D17: =D10+D14 -> 53736 | E17: =E10+E14 -> 345470 | F17: =F10+F14 -> 241829 | G17: =G10+G14 -> 0 | H17: =H10+H14 -> 241829 | I17: =I10+I14 -> 103641
B19: =B17='컨텐츠별 매출 통계'!CA7 -> TRUE | D19: =D17='컨텐츠별 매출 통계'!CB7 -> TRUE | E19: =E17='컨텐츠별 매출 통계'!CC7 -> TRUE | F19: =F17='컨텐츠별 매출 통계'!CN7 -> TRUE | G19: =G17='컨텐츠별 매출 통계'!CO7 -> TRUE | H19: =H17='컨텐츠별 매출 통계'!CP7 -> TRUE

Sheet 1월_세금계산서
F26: 공급가액 | G26: 부가세 | H26: 합계
F27: 241829 | G27: 0 | H27: 241829
F28: =F27='1월_정산내역서'!F17 -> TRUE | G28: =G27='1월_정산내역서'!G17 -> TRUE | H28: =H27='1월_정산내역서'!H17 -> TRUE

Sheet 컨텐츠별 매출 통계
A1: 네이버 프렌즈 어드민 > Comic > [시리즈] 매출 통계(이용권 포함) > [CP용] 컨텐츠별 매출 통계
A2: - 2025년 7월 [네이버웹툰 파트너십 프로그램]이 시작되어, '무상 쿠키' 매출로 포함됩니다.(무상이용권 결제수수료율 상이)
A3: 이용권 포함 컨텐츠별 매출 통계
BT4: 0.1 | BU4: 0.09 | BV4: 0.1 | BW4: 0.1 | BX4: 0.1 | BY4: 0.15 | BZ4: 0.3 | CD4: 0.7
A5: 컨텐츠 | B5: 컨텐츠No | C5: 공급자코드 | D5: CP명 | E5: 작가명 | F5: 출판사 | G5: 나이제한 | H5: 서비스일 | I5: 대여권 | R5: 소장권 | AA5: 쿠키로 대여 | AD5: 쿠키로 구매 | AG5: i쿠키로 대여 | AJ5: i쿠키로 구매 | AM5: 자동충전 쿠키로 대여 | AP5: 자동충전 쿠키로 구매 | AS5: 구글 쿠키로 대여 | AV5: 구글 쿠키로 구매 | AY5: 구글 외부 쿠키로 대여 | BB5: 구글 외부 쿠키로 구매 | BE5: 원스토어 쿠키로 대여 | BH5: 원스토어 쿠키로 구매 | BK5: 리딤 쿠키로 대여 | BN5: 리딤 쿠키로 구매 | BQ5: 유상 이용권 보정 | BR5: 마켓수수료(추정치) | BS5: 합계 | BT5: 유상이용권-원스토어 | BU5: 무상이용권 | BV5: 유상이용권-웹+자동충전 | BW5: 유상이용권-IAB | BX5: 유상이용권-IAB NPAY | BY5: 유상이용권-리딤 | BZ5: 유상이용권-IAP | CA5: 총 매출액 | CB5: 결제수수료 | CC5: NET 매출액 | CD5: 더그림 수익 | CF5: 정산월 | CG5: 판매기간 | CH5: 관리작품명 | CI5: 공급가액 | CJ5: 부가세 | CK5: 합계 | CL5: 공급가액 조정 | CM5: 부가세 조정 | CN5: 확정 공급가액 | CO5: 확정 부가세 | CP5: 확정 합계 | CR5: 적요 | CS5: 팀 | CT5: 프로젝트 | CU5: 계정명 | CV5: 금액
I6: 건수 | J6: 비정산 | K6: 무료이용권 | L6: 유상쿠키 | M6: 무상쿠키 | N6: 유상i쿠키 | O6: 무상i쿠키 | P6: 유상자동충전쿠키 | Q6: 무상자동충전쿠키 | R6: 건수 | S6: 비정산 | T6: 무료이용권 | U6: 유상쿠키 | V6: 무상쿠키 | W6: 유상i쿠키 | X6: 무상i쿠키 | Y6: 유상자동충전쿠키 | Z6: 무상자동충전쿠키 | AA6: 건수 | AB6: 유상 | AC6: 무상 | AD6: 건수 | AE6: 유상 | AF6: 무상 | AG6: 건수 | AH6: 유상 | AI6: 무상 | AJ6: 건수 | AK6: 유상 | AL6: 무상 | AM6: 건수 | AN6: 유상 | AO6: 무상 | AP6: 건수 | AQ6: 유상 | AR6: 무상 | AS6: 건수 | AT6: 유상 | AU6: 무상 | AV6: 건수 | AW6: 유상 | AX6: 무상 | AY6: 건수 | AZ6: 유상 | BA6: 무상 | BB6: 건수 | BC6: 유상 | BD6: 무상 | BE6: 건수 | BF6: 유상 | BG6: 무상 | BH6: 건수 | BI6: 유상 | BJ6: 무상 | BK6: 건수 | BL6: 유상 | BM6: 무상 | BN6: 건수 | BO6: 유상 | BP6: 무상 | CC6: NET 매출액
A7: 쇼미더럭키짱! | B7: 450115 | D7: 더그림_쇼미더럭키짱 | E7: 김성모 | F7: 박태준 만화회사 | G7: 15세 이상 이용가능 | H7: 2022.06.05 | I7: 0 | J7: 18997 | K7: 0 | L7: 0 | M7: 0 | N7: 0 | O7: 0 | P7: 0 | Q7: 0 | R7: 0 | S7: 0 | T7: 0 | U7: 0 | V7: 0 | W7: 0 | X7: 0 | Y7: 0 | Z7: 0 | AA7: 569 | AB7: 71700 | AC7: 17375 | AD7: 312 | AE7: 31200 | AF7: 32305 | AG7: 345 | AH7: 71746 | AI7: 500 | AJ7: 3 | AK7: 720 | AL7: 0 | AM7: 118 | AN7: 25200 | AO7: 200 | AP7: 0 | AQ7: 0 | AR7: 0 | AS7: 336 | AT7: 88660 | AU7: 200 | AV7: 0 | AW7: 0 | AX7: 0 | AY7: 299 | AZ7: 56400 | BA7: 1600 | BB7: 0 | BC7: 0 | BD7: 0 | BE7: 0 | BF7: 0 | BG7: 0 | BH7: 0 | BI7: 0 | BJ7: 0 | BK7: 14 | BL7: 1400 | BM7: 0 | BN7: 0 | BO7: 0 | BP7: 0 | BQ7: 0 | BR7: 39734.8 | BS7: 399206 | BT7: =BF7+BI7 -> 0 | BU7: =AC7+AF7+AI7+AL7+AO7+AR7+AU7+AX7+BA7+BD7+BG7+BJ7+BM7+BP7 -> 52180 | BV7: =AQ7+AN7+AB7+AE7 -> 128100 | BW7: =AT7+AW7 -> 88660 | BX7: =BC7+AZ7 -> 56400 | BY7: =BL7+BO7 -> 1400 | BZ7: =AH7+AK7 -> 72466 | CA7: =SUM(BT7:BZ7) -> 399206 | CB7: =ROUND(((BT7*$BT$4)+(BU7*$BU$4)+(BV7*$BV$4)+(BW7*$BW$4)+(BX7*$BX$4)+(BY7*$BY$4)+(BZ7*$BZ$4)),0)-226 -> 53736 | CC7: =CA7-CB7 -> 345470 | CD7: =ROUND(CC7*$CD$4,0) -> 241829 | CF7: 2026-01 | CG7: =CF7 -> 2026-01 | CH7: 쇼미더럭키짱 | CI7: =CD7 -> 241829 | CJ7: 0 | CK7: =CI7+CJ7 -> 241829 | CN7: =CI7+CL7 -> 241829 | CO7: =CJ7+CM7 -> 0 | CP7: =CN7+CO7 -> 241829 | CR7: =CF7&"월국내유상이용권_웹툰<"&CH7&">" -> 2026-01월국내유상이용권_웹툰<쇼미더럭키짱> | CS7: 팀 박태준_공통 | CT7: 쇼미더럭키짱 | CU7: 웹툰매출(국내이용권) | CV7: =CN7 -> 241829

Sheet 로그인정보
B3: 어드민 정보
B4: ID | C4: PW | D4: URL | E4: 세무구분 | F4: (세금)계산서 | G4: 비고
B5: fra13554 | C5: sujung23!!! | D5: 프렌즈어드민 | E5: 면세 | F5: 정발행 | G5: 익월 1~2일 경 정산내역 확인 가능
