Workbook

Sheet 1월_정산내역서
A1: 네이버 프렌즈 어드민 > Comic > [시리즈] 매출 통계(이용권 포함) > [CP용] 정산내역서 > 내역 확인 후 세금계산서 정발행
A3: 구분 | B3: 매출액 | C3: 대손수수료 | D3: 결제수수료 | E3: 순매출액 | F3: CP 공급가액 | G3: CP 부가세액 | H3: CP 정산액 | I3: WEBTOON 수익
A4: 무상이용권 | B4: 319555 | C4: 0 | D4: 21900 | E4: 297655 | F4: 208359 | G4: 0 | H4: 208359 | I4: 89296 | J4: =D4/B4 -> 0.068532803
A5: 유상이용권-IAB | B5: 744919 | C5: 0 | D5: 74492 | E5: 670427 | F5: 469299 | G5: 0 | H5: 469299 | I5: 201128 | J5: =D5/B5 -> 0.10000013
A6: 유상이용권-웹+자동충전 | B6: 591300 | C6: 0 | D6: 59130 | E6: 532170 | F6: 372519 | G6: 0 | H6: 372519 | I6: 159651 | J6: =D6/B6 -> 0.1
A7: 유상이용권-원스토어 | B7: 1440 | C7: 0 | D7: 144 | E7: 1296 | F7: 907 | G7: 0 | H7: 907 | I7: 389 | J7: =D7/B7 -> 0.1
A8: 유상이용권-IAP | B8: 981725 | C8: 0 | D8: 294517 | E8: 687208 | F8: 481045 | G8: 0 | H8: 481045 | I8: 206163 | J8: =D8/B8 -> 0.29999949
A9: 유상이용권-리딤 | B9: 700 | C9: 0 | D9: 105 | E9: 595 | F9: 417 | G9: 0 | H9: 417 | I9: 178 | J9: =D9/B9 -> 0.15
A10: 유상이용권-IAB NPAY | B10: 453600 | C10: 0 | D10: 45360 | E10: 408240 | F10: 285768 | G10: 0 | H10: 285768 | I10: 122472 | J10: =D10/B10 -> 0.1
A11: 합계 | B11: 3093239 | C11: 0 | D11: 495648 | E11: 2597591 | F11: 1818314 | G11: 0 | H11: 1818314 | I11: 779277
A13: 구분 | B13: 매출액 | C13: 대손수수료 | D13: 결제수수료 | E13: 순매출액 | F13: CP 공급가액 | G13: CP 부가세액 | H13: CP 정산액 | I13: WEBTOON 수익
A14: 유상이용권-IAP | B14: 9840 | C14: 0 | D14: 2952 | E14: 6888 | F14: 4822 | G14: 0 | H14: 4822 | I14: 2066 | J14: =D14/B14 -> 0.3
A15: 무상이용권 | B15: 17395 | C15: 0 | D15: 660 | E15: 16735 | F15: 11715 | G15: 0 | H15: 11715 | I15: 5020 | J15: =D15/B15 -> 0.037941937
A16: 유상이용권-웹+자동충전 | B16: 59300 | C16: 0 | D16: 5930 | E16: 53370 | F16: 37359 | G16: 0 | H16: 37359 | I16: 16011 | J16: =D16/B16 -> 0.1
A17: 합계 | B17: 86535 | C17: 0 | D17: 9542 | E17: 76993 | F17: 53896 | G17: 0 | H17: 53896 | I17: 23097
A20: 총 합계 | B20: =B11+B17 -> 3179774 | C20: =C11+C17 -> 0 | D20: =D11+D17 -> 505190 | E20: =E11+E17 -> 2674584 | F20: =F11+F17 -> 1872210 | G20: =G11+G17 -> 0 | H20: =H11+H17 -> 1872210 | I20: =I11+I17 -> 802374
B22: =B20='컨텐츠별 매출 통계'!CA7 -> TRUE | D22: =D20='컨텐츠별 매출 통계'!CB7 -> TRUE | E22: =E20='컨텐츠별 매출 통계'!CC7 -> TRUE | F22: =F20='컨텐츠별 매출 통계'!CN7 -> TRUE | G22: =G20='컨텐츠별 매출 통계'!CO7 -> TRUE | H22: =H20='컨텐츠별 매출 통계'!CP7 -> TRUE

Sheet 1월_세금계산서
H26: 공급가액 | I26: 부가세 | J26: 합계
H27: 1872210 | I27: 0 | J27: 1872210
H28: =H27='1월_정산내역서'!F20 -> TRUE | I28: =I27='1월_정산내역서'!G20 -> TRUE | J28: =J27='1월_정산내역서'!H20 -> TRUE

Sheet 컨텐츠별 매출 통계
A1: 네이버 프렌즈 어드민 > Comic > [시리즈] 매출 통계(이용권 포함) > [CP용] 컨텐츠별 매출 통계
A2: - 2025년 7월 [네이버웹툰 파트너십 프로그램]이 시작되어, '무상 쿠키' 매출로 포함됩니다.(무상이용권 결제수수료율 상이)
A3: 이용권 포함 컨텐츠별 매출 통계
BT4: 0.1 | BU4: 0.07 | BV4: 0.1 | BW4: 0.1 | BX4: 0.1 | BY4: 0.15 | BZ4: 0.3 | CD4: 0.7
A5: 컨텐츠 | B5: 컨텐츠No | C5: 공급자코드 | D5: CP명 | E5: 작가명 | F5: 출판사 | G5: 나이제한 | H5: 서비스일 | I5: 대여권 | R5: 소장권 | AA5: 쿠키로 대여 | AD5: 쿠키로 구매 | AG5: i쿠키로 대여 | AJ5: i쿠키로 구매 | AM5: 자동충전 쿠키로 대여 | AP5: 자동충전 쿠키로 구매 | AS5: 구글 쿠키로 대여 | AV5: 구글 쿠키로 구매 | AY5: 구글 외부 쿠키로 대여 | BB5: 구글 외부 쿠키로 구매 | BE5: 원스토어 쿠키로 대여 | BH5: 원스토어 쿠키로 구매 | BK5: 리딤 쿠키로 대여 | BN5: 리딤 쿠키로 구매 | BQ5: 유상 이용권 보정 | BR5: 마켓수수료(추정치) | BS5: 합계 | BT5: 유상이용권-원스토어 | BU5: 무상이용권 | BV5: 유상이용권-웹+자동충전 | BW5: 유상이용권-IAB | BX5: 유상이용권-IAB NPAY | BY5: 유상이용권-리딤 | BZ5: 유상이용권-IAP | CA5: 총 매출액 | CB5: 결제수수료 | CC5: NET 매출액 | CD5: 더그림 수익 | CF5: 정산월 | CG5: 판매기간 | CH5: 관리작품명 | CI5: 공급가액 | CJ5: 부가세 | CK5: 합계 | CL5: 공급가액 조정 | CM5: 부가세 조정 | CN5: 확정 공급가액 | CO5: 확정 부가세 | CP5: 확정 합계 | CR5: 적요 | CS5: 팀 | CT5: 프로젝트 | CU5: 계정명 | CV5: 금액
I6: 건수 | J6: 비정산 | K6: 무료이용권 | L6: 유상쿠키 | M6: 무상쿠키 | N6: 유상i쿠키 | O6: 무상i쿠키 | P6: 유상자동충전쿠키 | Q6: 무상자동충전쿠키 | R6: 건수 | S6: 비정산 | T6: 무료이용권 | U6: 유상쿠키 | V6: 무상쿠키 | W6: 유상i쿠키 | X6: 무상i쿠키 | Y6: 유상자동충전쿠키 | Z6: 무상자동충전쿠키 | AA6: 건수 | AB6: 유상 | AC6: 무상 | AD6: 건수 | AE6: 유상 | AF6: 무상 | AG6: 건수 | AH6: 유상 | AI6: 무상 | AJ6: 건수 | AK6: 유상 | AL6: 무상 | AM6: 건수 | AN6: 유상 | AO6: 무상 | AP6: 건수 | AQ6: 유상 | AR6: 무상 | AS6: 건수 | AT6: 유상 | AU6: 무상 | AV6: 건수 | AW6: 유상 | AX6: 무상 | AY6: 건수 | AZ6: 유상 | BA6: 무상 | BB6: 건수 | BC6: 유상 | BD6: 무상 | BE6: 건수 | BF6: 유상 | BG6: 무상 | BH6: 건수 | BI6: 유상 | BJ6: 무상 | BK6: 건수 | BL6: 유상 | BM6: 무상 | BN6: 건수 | BO6: 유상 | BP6: 무상 | CC6: NET 매출액
A7: 인생존망 | B7: 381194 | D7: 더그림_인생존망 | E7: 전선욱 | F7: 더그림 | G7: 15세 이상 이용가능 | H7: 2020.12.06 | I7: 0 | J7: 55921 | K7: 0 | L7: 0 | M7: 0 | N7: 0 | O7: 0 | P7: 0 | Q7: 0 | R7: 0 | S7: 0 | T7: 0 | U7: 0 | V7: 0 | W7: 0 | X7: 0 | Y7: 0 | Z7: 0 | AA7: 1110 | AB7: 330500 | AC7: 206320 | AD7: 129 | AE7: 187500 | AF7: 46230 | AG7: 1581 | AH7: 889925 | AI7: 55800 | AJ7: 84 | AK7: 101640 | AL7: 22500 | AM7: 240 | AN7: 101300 | AO7: 1700 | AP7: 4 | AQ7: 31300 | AR7: 0 | AS7: 957 | AT7: 602019 | AU7: 1700 | AV7: 44 | AW7: 142900 | AX7: 300 | AY7: 644 | AZ7: 379680 | BA7: 2400 | BB7: 59 | BC7: 73920 | BD7: 0 | BE7: 4 | BF7: 1440 | BG7: 0 | BH7: 0 | BI7: 0 | BJ7: 0 | BK7: 1 | BL7: 300 | BM7: 0 | BN7: 1 | BO7: 400 | BP7: 0 | BQ7: 0 | BR7: 432523.6 | BS7: 3179774 | BT7: =BF7+BI7 -> 1440 | BU7: =AC7+AF7+AI7+AL7+AO7+AR7+AU7+AX7+BA7+BD7+BG7+BJ7+BM7+BP7 -> 336950 | BV7: =AQ7+AN7+AB7+AE7 -> 650600 | BW7: =AT7+AW7 -> 744919 | BX7: =BC7+AZ7 -> 453600 | BY7: =BL7+BO7 -> 700 | BZ7: =AH7+AK7 -> 991565 | CA7: =SUM(BT7:BZ7) -> 3179774 | CB7: =ROUND(((BT7*$BT$4)+(BU7*$BU$4)+(BV7*$BV$4)+(BW7*$BW$4)+(BX7*$BX$4)+(BY7*$BY$4)+(BZ7*$BZ$4)),0)-1027 -> 505190 | CC7: =CA7-CB7 -> 2674584 | CD7: =ROUND(CC7*$CD$4,0) -> 1872209 | CF7: 2026-01 | CG7: =CF7 -> 2026-01 | CH7: 인생존망 | CI7: =CD7 -> 1872209 | CJ7: 0 | CK7: =CI7+CJ7 -> 1872209 | CL7: 1 | CN7: =CI7+CL7 -> 1872210 | CO7: =CJ7+CM7 -> 0 | CP7: =CN7+CO7 -> 1872210 | CR7: =CF7&"월국내유상이용권_웹툰<"&CH7&">" -> 2026-01월국내유상이용권_웹툰<인생존망> | CS7: 팀 박태준_공통 | CT7: 인생존망 | CU7: 웹툰매출(국내이용권) | CV7: =CN7 -> 1872210

Sheet 로그인정보
B3: 어드민 정보
B4: ID | C4: PW | D4: URL | E4: 세무구분 | F4: (세금)계산서 | G4: 비고
B5: fra09922 | C5: chtla13! | D5: 프렌즈어드민 | E5: 면세 | F5: 정발행 | G5: 익월 1~2일 경 정산내역 확인 가능
