Workbook

Sheet 1월_정산내역서
A1: 네이버 프렌즈 어드민 > Comic > [시리즈] 매출 통계(이용권 포함) > [CP용] 정산내역서 > 내역 확인 후 세금계산서 정발행
A3: 구분 | B3: 매출액 | C3: 대손수수료 | D3: 결제수수료 | E3: 순매출액 | F3: CP 공급가액 | G3: CP 부가세액 | H3: CP 정산액 | I3: WEBTOON 수익
A4: 무상이용권 | B4: 2249355 | C4: 0 | D4: 189040 | E4: 2060315 | F4: 1442221 | G4: 0 | H4: 1442221 | I4: 618094 | J4: =D4/B4 -> 0.08404187
A5: 유상이용권-리딤 | B5: 287900 | C5: 0 | D5: 43185 | E5: 244715 | F5: 171301 | G5: 0 | H5: 171301 | I5: 73414 | J5: =D5/B5 -> 0.15
A6: 유상이용권-원스토어 | B6: 25440 | C6: 0 | D6: 2544 | E6: 22896 | F6: 16027 | G6: 0 | H6: 16027 | I6: 6869 | J6: =D6/B6 -> 0.1
A7: 유상금액보정 | B7: 300 | C7: 0 | D7: 30 | E7: 270 | F7: 189 | G7: 0 | H7: 189 | I7: 81 | J7: =D7/B7 -> 0.1
A8: 유상이용권-웹+자동충전 | B8: 2692400 | C8: 0 | D8: 269240 | E8: 2423160 | F8: 1696212 | G8: 0 | H8: 1696212 | I8: 726948 | J8: =D8/B8 -> 0.1
A9: 유상이용권-IAP | B9: 5983497 | C9: 0 | D9: 1795049 | E9: 4188448 | F9: 2931914 | G9: 0 | H9: 2931914 | I9: 1256534 | J9: =D9/B9 -> 0.29999998
A10: 유상이용권-IAB | B10: 4989295 | C10: 0 | D10: 498929 | E10: 4490366 | F10: 3143256 | G10: 0 | H10: 3143256 | I10: 1347110 | J10: =D10/B10 -> 0.0999999
A11: 유상이용권-IAB NPAY | B11: 2406960 | C11: 0 | D11: 240696 | E11: 2166264 | F11: 1516385 | G11: 0 | H11: 1516385 | I11: 649879 | J11: =D11/B11 -> 0.1
A12: 합계 | B12: 18635147 | C12: 0 | D12: 3038713 | E12: 15596434 | F12: 10917505 | G12: 0 | H12: 10917505 | I12: 4678929
A14: 구분 | B14: 매출액 | C14: 대손수수료 | D14: 결제수수료 | E14: 순매출액 | F14: CP 공급가액 | G14: CP 부가세액 | H14: CP 정산액 | I14: WEBTOON 수익
A15: 유상이용권-IAB NPAY | B15: 3360 | C15: 0 | D15: 336 | E15: 3024 | F15: 2117 | G15: 0 | H15: 2117 | I15: 907 | J15: =D15/B15 -> 0.1
A16: 무상이용권 | B16: 8335 | C16: 0 | D16: 570 | E16: 7765 | F16: 5436 | G16: 0 | H16: 5436 | I16: 2329 | J16: =D16/B16 -> 0.068386323
A17: 유상이용권-웹+자동충전 | B17: 387740 | C17: 0 | D17: 38774 | E17: 348966 | F17: 244276 | G17: 0 | H17: 244276 | I17: 104690 | J17: =D17/B17 -> 0.1
A18: 유상이용권-IAP | B18: 3840 | C18: 0 | D18: 1152 | E18: 2688 | F18: 1882 | G18: 0 | H18: 1882 | I18: 806 | J18: =D18/B18 -> 0.3
A19: 유상이용권-IAB | B19: 115200 | C19: 0 | D19: 11520 | E19: 103680 | F19: 72576 | G19: 0 | H19: 72576 | I19: 31104 | J19: =D19/B19 -> 0.1
A20: 합계 | B20: 518475 | C20: 0 | D20: 52352 | E20: 466123 | F20: 326287 | G20: 0 | H20: 326287 | I20: 139836
A23: 총 합계 | B23: =B12+B20 -> 19153622 | C23: =C12+C20 -> 0 | D23: =D12+D20 -> 3091065 | E23: =E12+E20 -> 16062557 | F23: =F12+F20 -> 11243792 | G23: =G12+G20 -> 0 | H23: =H12+H20 -> 11243792 | I23: =I12+I20 -> 4818765
B25: =B23='컨텐츠별 매출 통계'!CA7 -> TRUE | D25: =D23='컨텐츠별 매출 통계'!CB7 -> TRUE | E25: =E23='컨텐츠별 매출 통계'!CC7 -> TRUE | F25: =F23='컨텐츠별 매출 통계'!CN7 -> TRUE | G25: =G23='컨텐츠별 매출 통계'!CO7 -> TRUE | H25: =H23='컨텐츠별 매출 통계'!CP7 -> TRUE

Sheet 1월_세금계산서
G27: 공급가액 | H27: 부가세 | I27: 합계
G28: 11243792 | H28: 0 | I28: 11243792
G29: =G28='1월_정산내역서'!F23 -> TRUE | H29: =H28='1월_정산내역서'!G23 -> TRUE | I29: =I28='1월_정산내역서'!H23 -> TRUE

Sheet 컨텐츠별 매출 통계
A1: 네이버 프렌즈 어드민 > Comic > [시리즈] 매출 통계(이용권 포함) > [CP용] 컨텐츠별 매출 통계
A2: - 2025년 7월 [네이버웹툰 파트너십 프로그램]이 시작되어, '무상 쿠키' 매출로 포함됩니다.(무상이용권 결제수수료율 상이)
A3: 이용권 포함 컨텐츠별 매출 통계
BT4: 0.1 | BU4: 0.08 | BV4: 0.1 | BW4: 0.1 | BX4: 0.1 | BY4: 0.15 | BZ4: 0.3 | CD4: 0.7
A5: 컨텐츠 | B5: 컨텐츠No | C5: 공급자코드 | D5: CP명 | E5: 작가명 | F5: 출판사 | G5: 나이제한 | H5: 서비스일 | I5: 대여권 | R5: 소장권 | AA5: 쿠키로 대여 | AD5: 쿠키로 구매 | AG5: i쿠키로 대여 | AJ5: i쿠키로 구매 | AM5: 자동충전 쿠키로 대여 | AP5: 자동충전 쿠키로 구매 | AS5: 구글 쿠키로 대여 | AV5: 구글 쿠키로 구매 | AY5: 구글 외부 쿠키로 대여 | BB5: 구글 외부 쿠키로 구매 | BE5: 원스토어 쿠키로 대여 | BH5: 원스토어 쿠키로 구매 | BK5: 리딤 쿠키로 대여 | BN5: 리딤 쿠키로 구매 | BQ5: 유상 이용권 보정 | BR5: 마켓수수료(추정치) | BS5: 합계 | BT5: 유상이용권-원스토어 | BU5: 무상이용권 | BV5: 유상이용권-웹+자동충전 | BW5: 유상이용권-IAB | BX5: 유상이용권-IAB NPAY | BY5: 유상이용권-리딤 | BZ5: 유상이용권-IAP | CA5: 총 매출액 | CB5: 결제수수료 | CC5: NET 매출액 | CD5: 더그림 수익 | CF5: 정산월 | CG5: 판매기간 | CH5: 관리작품명 | CI5: 공급가액 | CJ5: 부가세 | CK5: 합계 | CL5: 공급가액 조정 | CM5: 부가세 조정 | CN5: 확정 공급가액 | CO5: 확정 부가세 | CP5: 확정 합계 | CR5: 적요 | CS5: 팀 | CT5: 프로젝트 | CU5: 계정명 | CV5: 금액
I6: 건수 | J6: 비정산 | K6: 무료이용권 | L6: 유상쿠키 | M6: 무상쿠키 | N6: 유상i쿠키 | O6: 무상i쿠키 | P6: 유상자동충전쿠키 | Q6: 무상자동충전쿠키 | R6: 건수 | S6: 비정산 | T6: 무료이용권 | U6: 유상쿠키 | V6: 무상쿠키 | W6: 유상i쿠키 | X6: 무상i쿠키 | Y6: 유상자동충전쿠키 | Z6: 무상자동충전쿠키 | AA6: 건수 | AB6: 유상 | AC6: 무상 | AD6: 건수 | AE6: 유상 | AF6: 무상 | AG6: 건수 | AH6: 유상 | AI6: 무상 | AJ6: 건수 | AK6: 유상 | AL6: 무상 | AM6: 건수 | AN6: 유상 | AO6: 무상 | AP6: 건수 | AQ6: 유상 | AR6: 무상 | AS6: 건수 | AT6: 유상 | AU6: 무상 | AV6: 건수 | AW6: 유상 | AX6: 무상 | AY6: 건수 | AZ6: 유상 | BA6: 무상 | BB6: 건수 | BC6: 유상 | BD6: 무상 | BE6: 건수 | BF6: 유상 | BG6: 무상 | BH6: 건수 | BI6: 유상 | BJ6: 무상 | BK6: 건수 | BL6: 유상 | BM6: 무상 | BN6: 건수 | BO6: 유상 | BP6: 무상 | CC6: NET 매출액
A7: 싸움독학 | B7: 381824 | D7: 더그림_싸움독학 | E7: 김정현 | F7: 박만사 | G7: 전체이용가 | H7: 2024.02.24 | I7: 0 | J7: 391800 | K7: 0 | L7: 0 | M7: 0 | N7: 0 | O7: 0 | P7: 0 | Q7: 0 | R7: 0 | S7: 0 | T7: 0 | U7: 0 | V7: 0 | W7: 0 | X7: 0 | Y7: 0 | Z7: 0 | AA7: 11211 | AB7: 1780340 | AC7: 1463400 | AD7: 795 | AE7: 594700 | AF7: 187890 | AG7: 17615 | AH7: 5680137 | AI7: 524800 | AJ7: 400 | AK7: 307200 | AL7: 46000 | AM7: 1855 | AN7: 542100 | AO7: 12200 | AP7: 216 | AQ7: 163300 | AR7: 9200 | AS7: 12659 | AT7: 4490955 | AU7: 8300 | AV7: 205 | AW7: 613540 | AX7: 0 | AY7: 6118 | AZ7: 2176320 | BA7: 5900 | BB7: 26 | BC7: 234000 | BD7: 0 | BE7: 72 | BF7: 25440 | BG7: 0 | BH7: 0 | BI7: 0 | BJ7: 0 | BK7: 797 | BL7: 237100 | BM7: 0 | BN7: 14 | BO7: 50800 | BP7: 0 | BQ7: 300 | BR7: 2661203.8 | BS7: 19153622 | BT7: =BF7+BI7 -> 25440 | BU7: =AC7+AF7+AI7+AL7+AO7+AR7+AU7+AX7+BA7+BD7+BG7+BJ7+BM7+BP7 -> 2257690 | BV7: =AQ7+AN7+AB7+AE7 -> 3080440 | BW7: =AT7+AW7 -> 5104495 | BX7: =BC7+AZ7 -> 2410320 | BY7: =BL7+BO7 -> 287900 | BZ7: =AH7+AK7 -> 5987337 | CA7: =SUM(BT7:BZ7) -> 19153622 | CB7: =ROUND(((BT7*$BT$4)+(BU7*$BU$4)+(BV7*$BV$4)+(BW7*$BW$4)+(BX7*$BX$4)+(BY7*$BY$4)+(BZ7*$BZ$4)),0)+8994 -> 3091065 | CC7: =CA7-CB7 -> 16062557 | CD7: =ROUND(CC7*$CD$4,0) -> 11243790 | CF7: 2026-01 | CG7: =CF7 -> 2026-01 | CH7: 싸움독학 | CI7: =CD7 -> 11243790 | CJ7: 0 | CK7: =CI7+CJ7 -> 11243790 | CL7: 2 | CN7: =CI7+CL7 -> 11243792 | CO7: =CJ7+CM7 -> 0 | CP7: =CN7+CO7 -> 11243792 | CR7: =CF7&"월국내유상이용권_웹툰<"&CH7&">" -> 2026-01월국내유상이용권_웹툰<싸움독학> | CS7: 팀 박태준_공통 | CT7: 싸움독학 | CU7: 웹툰매출(국내이용권) | CV7: =CN7 -> 11243792

Sheet 로그인정보
B3: 어드민 정보
B4: ID | C4: PW | D4: URL | E4: 세무구분 | F4: (세금)계산서 | G4: 비고
B5: fra09923 | C5: chtla12! | D5: 프렌즈어드민 | E5: 면세 | F5: 정발행 | G5: 익월 1~2일 경 정산내역 확인 가능
